[
    {
        "Name": "Avalon Tool",
        "InternalId": "AvalonTool",
        "SizeMB": 1.5,
        "Url": "https://www.ingamewise.com/account/games/albion-online/services/avalon-tool",
        "UrlRepo": "https://raw.githubusercontent.com/GameWiseAPP/GameWise-repo/main/albion-online/AvalonTool-1.0.5.zip",
        "Version": "1.0.5",
        "Icon": "🛤️",
        "Available": true
    },
    {
        "Name": "Player Tracker",
        "InternalId": "",
        "SizeMB": 0,
        "Url": "https://www.ingamewise.com/account/games/albion-online/services/player-tracker",
        "UrlRepo": "",
        "Version": "",
        "Icon": "🎯",
        "Available": false
    },
    {
        "Name": "Server Info",
        "InternalId": "",
        "SizeMB": 0,
        "Url": "https://www.ingamewise.com/account/games/albion-online/services/server-info",
        "UrlRepo": "",
        "Version": "",
        "Icon": "🌐",
        "Available": false
    },
    {
        "Name": "Market Watch",
        "InternalId": "",
        "SizeMB": 0,
        "Url": "https://www.ingamewise.com/account/games/albion-online/services/market-watch",
        "UrlRepo": "",
        "Version": "",
        "Icon": "📈",
        "Available": false
    },
    {
        "Name": "Craft Calculator",
        "InternalId": "",
        "SizeMB": 0,
        "Url": "https://www.ingamewise.com/account/games/albion-online/services/craft-calculator",
        "UrlRepo": "",
        "Version": "",
        "Icon": "⚒️",
        "Available": false
    },
    {
        "Name": "Guild Manager",
        "InternalId": "",
        "SizeMB": 0,
        "Url": "https://www.ingamewise.com/account/games/albion-online/services/guild-manager",
        "UrlRepo": "",
        "Version": "",
        "Icon": "👥",
        "Available": false
    },
    {
        "Name": "Loot Splitter",
        "InternalId": "",
        "SizeMB": 0,
        "Url": "https://www.ingamewise.com/account/games/albion-online/services/loot-splitter",
        "UrlRepo": "",
        "Version": "",
        "Icon": "⚖️",
        "Available": false
    }
]
